id	img	name	rarity	buy	sell	description
1	http://images2.wikia.nocookie.net/__cb20091227161524/monsterhunter/images/thumb/e/e6/Liquid-Green.png/17px-Liquid-Green.png	Potion	1	66	7	Restores a small amount of Health. Try to combine these into something Mega-better!
2	http://images2.wikia.nocookie.net/__cb20091227161524/monsterhunter/images/thumb/e/e6/Liquid-Green.png/17px-Liquid-Green.png	Mega Potion	2		16	Restores a moderate amount of Health. This potion is a hunter's best friend.
3	http://images2.wikia.nocookie.net/__cb20091227161512/monsterhunter/images/thumb/c/c7/Liquid-Cyan.png/17px-Liquid-Cyan.png	Nutrients	2		25	Very slightly increases your maximum Health level.
4	http://images2.wikia.nocookie.net/__cb20091227161512/monsterhunter/images/thumb/c/c7/Liquid-Cyan.png/17px-Liquid-Cyan.png	Mega Nutrients	5		92	Slightly increases your maximum Health level.
5	http://images2.wikia.nocookie.net/__cb20091227161452/monsterhunter/images/thumb/b/b6/Liquid-Blue.png/17px-Liquid-Blue.png	Antidote	1	60	6	Removes all traces of poison from your system.
6	http://images1.wikia.nocookie.net/__cb20091227161617/monsterhunter/images/thumb/5/50/Liquid-Yellow.png/17px-Liquid-Yellow.png	Immunizer	4		92	Boosts your natural ability to heal.
7	http://images1.wikia.nocookie.net/__cb20091227161617/monsterhunter/images/thumb/5/50/Liquid-Yellow.png/17px-Liquid-Yellow.png	Dash Juice	2		29	Lets you run without tiring for a short period of time.
8	http://images1.wikia.nocookie.net/__cb20091227161617/monsterhunter/images/thumb/5/50/Liquid-Yellow.png/17px-Liquid-Yellow.png	Mega Dash Juice	4		205	Lets you run without tiring for longer than with regular Dash Juice.
9	http://images3.wikia.nocookie.net/__cb20091227161552/monsterhunter/images/thumb/b/bc/Liquid-Red.png/17px-Liquid-Red.png	Demondrug	5		67	Boosts your Attack by filling you with__guess what? -- demonic strength.
10	http://images3.wikia.nocookie.net/__cb20091227161552/monsterhunter/images/thumb/b/bc/Liquid-Red.png/17px-Liquid-Red.png	Mega Demondrug	5		283	Boosts your Attack even more than a regular Demondrug.
11	http://images1.wikia.nocookie.net/__cb20091227163050/monsterhunter/images/thumb/c/c2/Sac-Red.png/15px-Sac-Red.png	Might Pill	1		280	Temporarily endows you with the strength of a mighty god. Potent!
12	http://images3.wikia.nocookie.net/__cb20091227161539/monsterhunter/images/thumb/1/18/Liquid-Orange.png/17px-Liquid-Orange.png	Armorskin	5		58	Boosts your Defense by turning your skin as hard as rock.
13	http://images3.wikia.nocookie.net/__cb20091227161539/monsterhunter/images/thumb/1/18/Liquid-Orange.png/17px-Liquid-Orange.png	Mega Armorskin	5		269	Boosts your Defense even more than a regular Armorskin.
14	http://images4.wikia.nocookie.net/__cb20091227163058/monsterhunter/images/thumb/b/bc/Sac-Orange.png/15px-Sac-Orange.png	Adamant Pill	1		260	Temporarily makes your skin as hard as adamant. Potent!
15	http://images1.wikia.nocookie.net/__cb20091227161604/monsterhunter/images/thumb/9/94/Liquid-White.png/17px-Liquid-White.png	Cool Drink	1	300	30	Provides temporary relief from extreme heat.
16	http://images3.wikia.nocookie.net/__cb20091227161552/monsterhunter/images/thumb/b/bc/Liquid-Red.png/17px-Liquid-Red.png	Hot Drink	1	200	25	Provides temporary relief from extreme cold.
17	http://images2.wikia.nocookie.net/__cb20091227161512/monsterhunter/images/thumb/c/c7/Liquid-Cyan.png/17px-Liquid-Cyan.png	Cleanser	2		14	Immediately removes any ice or mud on your body. Clean as a whistle!
18	http://images3.wikia.nocookie.net/__cb20091227163660/monsterhunter/images/thumb/8/85/Sac-White.png/15px-Sac-White.png	Herbal Medicine	2		25	Removes all traces of poison and restores a slight amount of Health.
19	http://images1.wikia.nocookie.net/__cb20091227163308/monsterhunter/images/thumb/5/57/Sac-Yellow.png/15px-Sac-Yellow.png	Max Potion	4		21	Fully restores Health and increases your maximum Health level all the way.
20	http://images1.wikia.nocookie.net/__cb20091227163050/monsterhunter/images/thumb/c/c2/Sac-Red.png/15px-Sac-Red.png	Ancient Potion	5		345	Fully restores Health and Stamina, and raises the max levels of both all the way,
21	http://images1.wikia.nocookie.net/__cb20091227161617/monsterhunter/images/thumb/5/50/Liquid-Yellow.png/17px-Liquid-Yellow.png	Energy Drink	2		6	This bottle is all you'll need to wake up! Shakes off sleep and restores Stamina.
22	http://images2.wikia.nocookie.net/__cb20091227161512/monsterhunter/images/thumb/c/c7/Liquid-Cyan.png/17px-Liquid-Cyan.png	Air Philter	1		8	A potion that restores lost Oxygen and allows you to stay underwater longer.
23	http://images2.wikia.nocookie.net/__cb20091227161512/monsterhunter/images/thumb/c/c7/Liquid-Cyan.png/17px-Liquid-Cyan.png	GMega Air Philter	4		12	A potion that restores lost Oxygen and allows you to stay underwater much longer.
24	http://images3.wikia.nocookie.net/__cb20091227163660/monsterhunter/images/thumb/8/85/Sac-White.png/15px-Sac-White.png	Lifepowder	4		315	A Lifecrystal combination used as medicine. Heals with a single touch.
25	http://images2.wikia.nocookie.net/__cb20100108143254/monsterhunter/images/thumb/4/4d/Sac-Cyan.png/15px-Sac-Cyan.png	Oxygen Supply	1	240	24	A bulb filled with Oxygen. Nice to have when you're underwater and out of air.
26	http://images3.wikia.nocookie.net/__cb20100121102140/monsterhunter/images/thumb/2/2f/Meat-Red.png/18px-Meat-Red.png	Raw Meat	1		5	Meat carved from a monster. Can be cooked, combined, or used to set a trap.
27	http://images1.wikia.nocookie.net/__cb20100121102239/monsterhunter/images/thumb/2/2d/Meat-Purple.png/18px-Meat-Purple.png	Poisoned Meat	1		19	Raw Meat that poisons whatever eats it. Makes a great trap.
28	http://images1.wikia.nocookie.net/__cb20100121102227/monsterhunter/images/thumb/d/d0/Meat-Yellow.png/18px-Meat-Yellow.png	Tinged Meat	2		30	Raw Meat that paralyzes whatever eats it. Makes a great trap.
29	http://images2.wikia.nocookie.net/__cb20100121102203/monsterhunter/images/thumb/a/a3/Meat-Blue.png/18px-Meat-Blue.png	Drugged Meat	1		31	Raw Meat that puts whatever eats it to sleep. Makes a great trap.
30	http://images3.wikia.nocookie.net/__cb20100121101532/monsterhunter/images/thumb/2/2d/Meat-Grey.png/18px-Meat-Grey.png	Burnt Meat	1			This is burnt to a crisp. It will drain your stamina.
31	http://images2.wikia.nocookie.net/__cb20100121102152/monsterhunter/images/thumb/5/5a/Meat-Orange.png/18px-Meat-Orange.png	Rare Steak	2			Provides a small boost to your Stamina. This one's still red in the middle.
32	http://images2.wikia.nocookie.net/__cb20100121102152/monsterhunter/images/thumb/5/5a/Meat-Orange.png/18px-Meat-Orange.png	Well-done Steak	2		48	Provides a medium boost to your stamina. Meat done right!
33	http://images3.wikia.nocookie.net/__cb20100121102140/monsterhunter/images/thumb/2/2f/Meat-Red.png/18px-Meat-Red.png	Hot Meat	2		25	Warms the body, wards off the cold, and restores a moderate amount of Stamina.
34	http://images2.wikia.nocookie.net/__cb20100121102203/monsterhunter/images/thumb/a/a3/Meat-Blue.png/18px-Meat-Blue.png	Chilled Meat	2		30	Cools the body, wards off the heat, and restores a moderate amount of Stamina.
35	http://images2.wikia.nocookie.net/__cb20100121102127/monsterhunter/images/thumb/a/a5/Meat-Pink.png/18px-Meat-Pink.png	Pink Liver	4		260	Pungent liver obtained from certain monsters. Not popular with humans.
36	http://images3.wikia.nocookie.net/__cb20100121101360/monsterhunter/images/thumb/5/5c/Meat-White.png/18px-Meat-White.png	Ethnic Wyvrnmeat	5		480	Rare, stringy meat from a horned wyvern found abroad. Not popular with humans.
37	http://images4.wikia.nocookie.net/__cb20091111010119/monsterhunter/images/thumb/8/89/MH3icon-Ammo-White.png/18px-MH3icon-Ammo-White.png	Normal S Lv1	1			Non-specialized ammo.
38	http://images4.wikia.nocookie.net/__cb20091111010119/monsterhunter/images/thumb/8/89/MH3icon-Ammo-White.png/18px-MH3icon-Ammo-White.png	Normal S Lv2	1	3	1	Non-specialized ammo. More powerful than Lv1.
39	http://images4.wikia.nocookie.net/__cb20091111010119/monsterhunter/images/thumb/8/89/MH3icon-Ammo-White.png/18px-MH3icon-Ammo-White.png	Normal S Lv3	2	5	2	Non-specialized ammo that ricochets, resulting in high damage.
40	http://images4.wikia.nocookie.net/__cb20091111010119/monsterhunter/images/thumb/8/89/MH3icon-Ammo-White.png/18px-MH3icon-Ammo-White.png	Pierce S Lv1	2	14	1	Armor-piercing ammo that deals multiple hits to some monsters.
41	http://images4.wikia.nocookie.net/__cb20091111010119/monsterhunter/images/thumb/8/89/MH3icon-Ammo-White.png/18px-MH3icon-Ammo-White.png	Pierce S Lv2	2	20	2	Armor-piercing ammo. Higher-level ammo deals additional hits.
42	http://images4.wikia.nocookie.net/__cb20091111010119/monsterhunter/images/thumb/8/89/MH3icon-Ammo-White.png/18px-MH3icon-Ammo-White.png	Pierce S Lv3	3	28	3	Armor-piercing ammo. This highest level deals the most hits.
43	http://images4.wikia.nocookie.net/__cb20091111010119/monsterhunter/images/thumb/8/89/MH3icon-Ammo-White.png/18px-MH3icon-Ammo-White.png	Pellet S Lv1	2	41	1	Ammo that hits a wide area. Deals multiple hits at close range.
44	http://images4.wikia.nocookie.net/__cb20091111010119/monsterhunter/images/thumb/8/89/MH3icon-Ammo-White.png/18px-MH3icon-Ammo-White.png	Pellet S Lv2	2		2	Ammo that hits a wide area. Higher-level ammo deals additional hits.
45	http://images4.wikia.nocookie.net/__cb20091111010119/monsterhunter/images/thumb/8/89/MH3icon-Ammo-White.png/18px-MH3icon-Ammo-White.png	Pellet S Lv3	3		2	Ammo that hits a wide area. This highest level deals the most hits
46	http://images4.wikia.nocookie.net/__cb20091111010119/monsterhunter/images/thumb/8/89/MH3icon-Ammo-White.png/18px-MH3icon-Ammo-White.png	Crag S Lv1	3	40	4	Powerful ammo that lodges in a target, then explodes.
47	http://images4.wikia.nocookie.net/__cb20091111010119/monsterhunter/images/thumb/8/89/MH3icon-Ammo-White.png/18px-MH3icon-Ammo-White.png	Crag S Lv2	3		7	Very powerful ammo that lodges in a target, then explodes.
48	http://images4.wikia.nocookie.net/__cb20091111010119/monsterhunter/images/thumb/8/89/MH3icon-Ammo-White.png/18px-MH3icon-Ammo-White.png	Crag S Lv3	3		7	Extremely powerful ammo that lodges in a target, then explodes.
49	http://images4.wikia.nocookie.net/__cb20091111010119/monsterhunter/images/thumb/8/89/MH3icon-Ammo-White.png/18px-MH3icon-Ammo-White.png	Clust S Lv1	2	38	4	Fragments into three shells upon impact. Beware of friendly fire!
50	http://images4.wikia.nocookie.net/__cb20091111010119/monsterhunter/images/thumb/8/89/MH3icon-Ammo-White.png/18px-MH3icon-Ammo-White.png	Clust S Lv2	3		6	Fragments into four shells upon impact. Beware of friendly fire!
51	http://images4.wikia.nocookie.net/__cb20091111010119/monsterhunter/images/thumb/8/89/MH3icon-Ammo-White.png/18px-MH3icon-Ammo-White.png	Clust S Lv3	3		10	Fragments into five shells upon impact. Beware of friendly fire!
52	http://images2.wikia.nocookie.net/__cb20091111031913/monsterhunter/images/thumb/d/d3/MH3icon-Ammo-Red.png/18px-MH3icon-Ammo-Red.png	WyvernFire Lv1	3		5	Ammo based on research into a wyvern's fiery breath. Can be rapid-fired.
53	http://images2.wikia.nocookie.net/__cb20091111031913/monsterhunter/images/thumb/d/d3/MH3icon-Ammo-Red.png/18px-MH3icon-Ammo-Red.png	WyvernFire Lv2	4		6	Ammo based on research into a wyvern's fiery breath. Can be rapid-fired.
54	http://images2.wikia.nocookie.net/__cb20091111031913/monsterhunter/images/thumb/d/d3/MH3icon-Ammo-Red.png/18px-MH3icon-Ammo-Red.png	WyvernFire Lv3	4		6	Ammo based on research into a wyvern's fiery breath. Can be rapid-fired.
55	http://images1.wikia.nocookie.net/__cb20091111031834/monsterhunter/images/thumb/b/b2/MH3icon-Ammo-Blue.png/18px-MH3icon-Ammo-Blue.png	Sub S Lv1	3	17	2	Ammo that gains power when used underwater.
56	http://images1.wikia.nocookie.net/__cb20091111031834/monsterhunter/images/thumb/b/b2/MH3icon-Ammo-Blue.png/18px-MH3icon-Ammo-Blue.png	Sub S Lv2	4		3	Ammo that gains power when used underwater. Deals more hits than Lv1.
57	http://images4.wikia.nocookie.net/__cb20091111031637/monsterhunter/images/thumb/7/77/MH3icon-Ammo-Green.png/18px-MH3icon-Ammo-Green.png	Recover S Lv1	1	8	2	Ammo that restores a small amount of Health to the target.
58	http://images4.wikia.nocookie.net/__cb20091111031637/monsterhunter/images/thumb/7/77/MH3icon-Ammo-Green.png/18px-MH3icon-Ammo-Green.png	Recover S Lv2	2		2	Ammo that restores a moderate amount of Health to the target.
59	http://images1.wikia.nocookie.net/__cb20091111031661/monsterhunter/images/thumb/0/05/MH3icon-Ammo-Purple.png/18px-MH3icon-Ammo-Purple.png	Poison S Lv1	2	17	2	Ammo dipped in poison. Some targets require multiple shots.
60	http://images1.wikia.nocookie.net/__cb20091111031661/monsterhunter/images/thumb/0/05/MH3icon-Ammo-Purple.png/18px-MH3icon-Ammo-Purple.png	Poison S Lv2	3		2	Ammo dipped in deadly poison. Some targets require multiple shots.
61	http://images1.wikia.nocookie.net/__cb20091111031739/monsterhunter/images/thumb/3/3e/MH3icon-Ammo-Yellow.png/18px-MH3icon-Ammo-Yellow.png	Para S Lv1	3	26	3	Ammo that causes paralysis. Some targets require multiple shots.
62	http://images1.wikia.nocookie.net/__cb20091111031739/monsterhunter/images/thumb/3/3e/MH3icon-Ammo-Yellow.png/18px-MH3icon-Ammo-Yellow.png	Paa S Lv2	4		5	Ammo that paralyzes quickly. Some targets require multiple shots.
63	http://images1.wikia.nocookie.net/__cb20091111031846/monsterhunter/images/thumb/4/42/MH3icon-Ammo-Cyan.png/18px-MH3icon-Ammo-Cyan.png	Sleep S Lv1	3	17	2	Ammo containing a sleeping agent. Some targets require multiple shots.
64	http://images1.wikia.nocookie.net/__cb20091111031846/monsterhunter/images/thumb/4/42/MH3icon-Ammo-Cyan.png/18px-MH3icon-Ammo-Cyan.png	Sleep S Lv2	4		3	Ammo packed with sleeping agents. Some targets require multiple shots.
65	http://images2.wikia.nocookie.net/__cb20091111031913/monsterhunter/images/thumb/d/d3/MH3icon-Ammo-Red.png/18px-MH3icon-Ammo-Red.png	Demon S I	3		5	Ammo that fills the target with savage amounts of strength.
66	http://images2.wikia.nocookie.net/__cb20091111031913/monsterhunter/images/thumb/d/d3/MH3icon-Ammo-Red.png/18px-MH3icon-Ammo-Red.png	Demon S II	4		9	Ammo that fills the target with savage amounts of strength.
67	http://images1.wikia.nocookie.net/__cb20091111031940/monsterhunter/images/thumb/6/6f/MH3icon-Ammo-Orange.png/18px-MH3icon-Ammo-Orange.png	Armor S I	3		5	Ammo that hardens the skin, guarding against attacks and Wind Pressure.
68	http://images1.wikia.nocookie.net/__cb20091111031940/monsterhunter/images/thumb/6/6f/MH3icon-Ammo-Orange.png/18px-MH3icon-Ammo-Orange.png	Armor S II	4		7	Ammo that hardens the skin, guarding against attacks and Wind Pressure.
69	http://images1.wikia.nocookie.net/__cb20091111031739/monsterhunter/images/thumb/3/3e/MH3icon-Ammo-Yellow.png/18px-MH3icon-Ammo-Yellow.png	Exhaust S	4	25	6	Special ammo that drains monsters' stamina.
70	http://images1.wikia.nocookie.net/__cb20091111031858/monsterhunter/images/thumb/b/b9/MH3icon-Ammo-Pink.png/17px-MH3icon-Ammo-Pink.png	Paint S	1	20	6	Ammo that marks a monster's position on your Map for a limited time.
71	http://images2.wikia.nocookie.net/__cb20091111031913/monsterhunter/images/thumb/d/d3/MH3icon-Ammo-Red.png/18px-MH3icon-Ammo-Red.png	Tranq S	4		4	Bowgun ammo used to capture monsters ensnared in traps.
72	http://images2.wikia.nocookie.net/__cb20091111031913/monsterhunter/images/thumb/d/d3/MH3icon-Ammo-Red.png/18px-MH3icon-Ammo-Red.png	Flaming S	3	20	2	Ammo that packs extra punch against monsters susceptible to Fire.
73	http://images1.wikia.nocookie.net/__cb20091111031846/monsterhunter/images/thumb/4/42/MH3icon-Ammo-Cyan.png/18px-MH3icon-Ammo-Cyan.png	Water S	3	20	2	Ammo that packs extra punch against monsters susceptible to Water.
74	http://images1.wikia.nocookie.net/__cb20091111031834/monsterhunter/images/thumb/b/b2/MH3icon-Ammo-Blue.png/18px-MH3icon-Ammo-Blue.png	Freeze S	3	20	2	Ammo that packs extra punch against monsters susceptible to Ice.
75	http://images1.wikia.nocookie.net/__cb20091111031739/monsterhunter/images/thumb/3/3e/MH3icon-Ammo-Yellow.png/18px-MH3icon-Ammo-Yellow.png	Thunder S	3	20	2	Ammo that packs extra punch against monsters susceptible to Thunder.
76	http://images2.wikia.nocookie.net/__cb20091111031913/monsterhunter/images/thumb/d/d3/MH3icon-Ammo-Red.png/18px-MH3icon-Ammo-Red.png	Dragon S	5		10	Mysterious ammo that won't work in regular Bowguns.
77	http://images4.wikia.nocookie.net/__cb20091111010119/monsterhunter/images/thumb/8/89/MH3icon-Ammo-White.png/18px-MH3icon-Ammo-White.png	Slicing S	3	30	3	Special ammo that ejects sharp blades on impact. Can it sever tails?
78	http://images4.wikia.nocookie.net/__cb20100113203007/monsterhunter/images/thumb/7/7f/Book-Grey.png/18px-Book-Grey.png	Book of Combos 1	4	1000	100	An introductory text for first-time combiners. Improves your success rate.
79	http://images4.wikia.nocookie.net/__cb20100113203007/monsterhunter/images/thumb/7/7f/Book-Grey.png/18px-Book-Grey.png	Book of Combos 2	4	2000	200	A basic text. Owning Book 1 and this improves your combining success rate.
80	http://images4.wikia.nocookie.net/__cb20100113202954/monsterhunter/images/thumb/b/bb/Book-White.png/18px-Book-White.png	Book of Combos 3	4	5000	500	An intermediate text. Owning Books 1, 2 and this improves your combining success rate.
81	http://images4.wikia.nocookie.net/__cb20100113202954/monsterhunter/images/thumb/b/bb/Book-White.png/18px-Book-White.png	Book of Combos 4	5	10000	1000	An advanced text. Owning Books 1-3 and this improves your combining success rate.
82	http://images1.wikia.nocookie.net/__cb20100113203027/monsterhunter/images/thumb/7/76/Book-Yellow.png/18px-Book-Yellow.png	Book of Combos 5	5	15000	1500	A pro-level text. Owning Books 1-4 and this improves your combining success rate.
83	http://images4.wikia.nocookie.net/__cb20100113202954/monsterhunter/images/thumb/b/bb/Book-White.png/18px-Book-White.png	Organizer Guide	4	3000		An issue of Hunting Life magazine which explains how to maximize Item Box space.
84	http://images4.wikia.nocookie.net/__cb20100113202954/monsterhunter/images/thumb/b/bb/Book-White.png/18px-Book-White.png	Pack Rat Guide	4	5000		An issue of Hunting Life magazine containing advanced item-cramming techniques.
85	http://images1.wikia.nocookie.net/__cb20091227161539/monsterhunter/images/thumb/1/18/Liquid-Orange.png/18px-Liquid-Orange.png	Psychoserum	3	300		Temporarily sharpens your sixth sense and attunes you to the ways of monsters.
86	http://images1.wikia.nocookie.net/__cb20091227163708/monsterhunter/images/thumb/6/6d/Sac-Grey.png/15px-Sac-Grey.png	Catalyst	2		48	Works with other materials to enhance their effects. Cannot be used by itself.
87	http://images1.wikia.nocookie.net/__cb20091227163050/monsterhunter/images/thumb/c/c2/Sac-Red.png/15px-Sac-Red.png	Gunpowder	2		22	A dangerous substance that explodes when struck or heated.
88	http://images3.wikia.nocookie.net/__cb20091227163660/monsterhunter/images/thumb/8/85/Sac-White.png/15px-Sac-White.png	Lifecrystals	3		59	Mysterious crystals long worshipped as a source of life.
89	http://images3.wikia.nocookie.net/__cb20091227161552/monsterhunter/images/thumb/b/bc/Liquid-Red.png/17px-Liquid-Red.png	Tranquilizer	4	150	15	Medicine that works as an anesthetic when Combined.
90	http://images3.wikia.nocookie.net/__cb20100121072239/monsterhunter/images/thumb/f/f0/Bomb-White.png/18px-Bomb-White.png	Bomb Casing	1		15	A base material for making hand-thrown bombs.
91	http://images3.wikia.nocookie.net/__cb20100121093058/monsterhunter/images/thumb/f/fd/Dung-icon.png/18px-Dung-icon.png	Dung Bomb	2		9	Releases an odor monsters find repulsive. It may even drive them away... or not.
92	http://images3.wikia.nocookie.net/__cb20100502054110/monsterhunter/images/thumb/0/02/Bomb-Pink.png/18px-Bomb-Pink.png	Paintball	1		10	Toss this scented paint at a monster to mark it, allowing you to track its position.
93	http://images3.wikia.nocookie.net/__cb20100121072134/monsterhunter/images/thumb/9/9e/Bomb-Yellow.png/18px-Bomb-Yellow.png	Flash Bomb	2		57	Flashes brightly on impact. Toss this right under a monster's nose to blind it.
94	http://images4.wikia.nocookie.net/__cb20100121072459/monsterhunter/images/thumb/f/f1/Bomb-Grey.png/18px-Bomb-Grey.png	Sonic Bomb	2		45	A grenade-like item that emits a high frequency blast of sound on detonation.
95	http://images1.wikia.nocookie.net/__cb20100121072510/monsterhunter/images/thumb/d/de/Bomb-Red.png/18px-Bomb-Red.png	Tranq Bomb	4		35	A hand grenade used to capture monsters ensnared in traps.
96	http://images4.wikia.nocookie.net/__cb20100121073738/monsterhunter/images/thumb/0/02/Smoke-icon.png/18px-Smoke-icon.png	Smoke Bomb	2		44	Creates a large cloud of smoke wherever it lands.
97	http://images2.wikia.nocookie.net/__cb20100121074135/monsterhunter/images/thumb/1/13/Smoke1-icon.png/18px-Smoke1-icon.png	Poison Smoke Bmb	2		60	Contains a toxic chemical. Also popular as a household bug bomb.
98	http://images1.wikia.nocookie.net/__cb20100121074147/monsterhunter/images/thumb/2/23/Smoke2-icon.png/18px-Smoke2-icon.png	Farcaster	3		30	Instantly transports you back to base camp.
99	http://images2.wikia.nocookie.net/__cb20091214003155/monsterhunter/images/thumb/b/b0/SpiderWebIcon.png/18px-SpiderWebIcon.png	Spider Web	1		6	A very sticky web.
100	http://images2.wikia.nocookie.net/__cb20091214003155/monsterhunter/images/thumb/b/b0/SpiderWebIcon.png/18px-SpiderWebIcon.png	Net	2		54	A sturdy net able to support a certain amount of weight without breaking.
101	http://images2.wikia.nocookie.net/__cb20100121090847/monsterhunter/images/thumb/6/62/Traptool-icon.png/18px-Traptool-icon.png	Trap Tool	3	200	20	A tool you'll need to put a Pitfall Trap or other traps together with.
102	http://images1.wikia.nocookie.net/__cb20100121073515/monsterhunter/images/thumb/b/b8/Trap2-icon.png/18px-Trap2-icon.png	Pitfall Trap	4		46	Activates when something heavy walks across. Use this to capture monsters.
103	http://images2.wikia.nocookie.net/__cb20100121073455/monsterhunter/images/thumb/e/e7/Trap1-icon.png/18px-Trap1-icon.png	Shock Trap	4		160	Immobilizes a target. You can use this to capture monsters.
104	http://images2.wikia.nocookie.net/__cb20100121092632/monsterhunter/images/thumb/9/95/Barrel-Sm.png/18px-Barrel-Sm.png	Small Barrel	1	80	8	How many whiffs does it take to find out what was in this empty barrel? Just one!
105	http://images4.wikia.nocookie.net/__cb20100121092616/monsterhunter/images/thumb/4/42/Barrel-Lg.png/18px-Barrel-Lg.png	Large Barrel	2	210	21	How many licks does it take to find out what was in this empty barrel? Just one!
106	http://images3.wikia.nocookie.net/__cb20100121091503/monsterhunter/images/thumb/d/d7/BarrelBmb-Sm.png/18px-BarrelBmb-Sm.png	Barrel Bomb S	2	156	16	A small time bomb. You can use it underwater.
107	http://images3.wikia.nocookie.net/__cb20100121091503/monsterhunter/images/thumb/d/d7/BarrelBmb-Sm.png/18px-BarrelBmb-Sm.png	GBarrel Bomb S+	4		52	A powered-up Barrel Bomb S. Small, but it packs a punch. You can use it underwater.
108	http://images1.wikia.nocookie.net/__cb20100121091621/monsterhunter/images/thumb/f/fa/BarrelBmb-Lg.png/18px-BarrelBmb-Lg.png	Barrel Bomb L	4	518	52	A potent bomb that detonates on impact. Waterproofed, so it still works underwater.
109	http://images1.wikia.nocookie.net/__cb20100121091621/monsterhunter/images/thumb/f/fa/BarrelBmb-Lg.png/18px-BarrelBmb-Lg.png	GBarrel Bomb L+	4		80	A powered-up Barrel Bomb L. Deadly. Waterproofed, so it still works underwater.
110	http://images4.wikia.nocookie.net/__cb20100121091516/monsterhunter/images/thumb/3/34/BarrelBmb-Bounce.png/18px-BarrelBmb-Bounce.png	Bounce Bomb	5	180	18	Bounces into the air when set. This modified bomb requires skill to use.
111	http://images4.wikia.nocookie.net/__cb20100121091516/monsterhunter/images/thumb/3/34/BarrelBmb-Bounce.png/18px-BarrelBmb-Bounce.png	GBounce Bomb+	5		68	An improved version of the Bounce Bomb. Requires some skill to use.
112	http://images3.wikia.nocookie.net/__cb20100121091802/monsterhunter/images/thumb/9/9f/BarrelBmb-Felvine.png/18px-BarrelBmb-Felvine.png	Felvine Bomb	4		12	Emits a scent Felynes love. Try hitting monsters with it.
113	http://images1.wikia.nocookie.net/__cb20100121071235/monsterhunter/images/thumb/e/ee/Pickaxe1-Icon.png/18px-Pickaxe1-Icon.png	Old Pickaxe	1	60	6	A cheap pickaxe with an easily nicked blade.
114	http://images3.wikia.nocookie.net/__cb20100121071227/monsterhunter/images/thumb/1/1b/PickaxeIcon.png/18px-PickaxeIcon.png	Iron Pickaxe	1	160	16	A pickaxe with a reasonably strong blade.
115	http://images4.wikia.nocookie.net/__cb20100121071246/monsterhunter/images/thumb/f/fe/Pickaxe2-Icon.png/18px-Pickaxe2-Icon.png	Mega Pickaxe	4		24	A pickaxe tempered with steel. This one won't nick easily.
116	http://images2.wikia.nocookie.net/__cb20100121070804/monsterhunter/images/thumb/4/43/Bugnet1-Icon.png/18px-Bugnet1-Icon.png	Old Bug Net	1	30	3	A cheap net for catching bugs. It tears easily.
117	http://images1.wikia.nocookie.net/__cb20100121070756/monsterhunter/images/thumb/5/53/BugnetIcon.png/18px-BugnetIcon.png	Bug Net	1	80	8	A durable net for catching bugs.
118	http://images4.wikia.nocookie.net/__cb20100121070819/monsterhunter/images/thumb/a/a6/Bugnet2-Icon.png/18px-Bugnet2-Icon.png	Mega Bug Net	4		12	An extremely durable net for catching bugs. This one is made to last.
119	http://images3.wikia.nocookie.net/__cb20100113212327/monsterhunter/images/thumb/7/73/Fish-Spear-Icon.png/18px-Fish-Spear-Icon.png	Fishing Harpoon	1	140	14	A must if you want to gather materials from fish. Weaken the fish, then harpoon away.
120	http://images3.wikia.nocookie.net/__cb20100113212327/monsterhunter/images/thumb/7/73/Fish-Spear-Icon.png/18px-Fish-Spear-Icon.png	Mega Harpoon	4		30	A must if you want to gather materials from fish. Weaken the fish, then harpoon away.
121	http://images3.wikia.nocookie.net/__cb20100121070147/monsterhunter/images/thumb/c/cd/BBQspit-icon.png/18px-BBQspit-icon.png	BBQ Spit	4	560	56	Just what you need to cook meat. A must-have item for any hungry hunter.
122	http://images2.wikia.nocookie.net/__cb20100121070208/monsterhunter/images/thumb/e/e4/BBQspit2-icon.png/18px-BBQspit2-icon.png	Double BBQ Spit	5		180	Cutting edge BBQ technology! Hold the dash button while BBQing to keep on cooking!
123	http://images1.wikia.nocookie.net/__cb20100121073058/monsterhunter/images/thumb/0/0d/Whetstone-icon.png/18px-Whetstone-icon.png	Whetstone	1	30	3	A standard-sized Whetstone. Use it to restore a weapon's Sharpness.
124	http://images3.wikia.nocookie.net/__cb20100113211809/monsterhunter/images/thumb/2/27/Binoc-Icon.png/18px-Binoc-Icon.png	Binoculars	1	50	5	Allow you to see farther and observe from a distance.
125	http://images2.wikia.nocookie.net/__cb20100121093809/monsterhunter/images/thumb/b/b2/Flute-Yellow.png/18px-Flute-Yellow.png	Hunting Horn	2	480	48	Used to attract certain monsters - blow at your own risk. May break when used.
126	http://images3.wikia.nocookie.net/__cb20100121093942/monsterhunter/images/thumb/6/67/Flute-Green.png/18px-Flute-Green.png	Health Horn	4		550	Restores Health to those who hear it. May break when used.
127	http://images1.wikia.nocookie.net/__cb20100121093833/monsterhunter/images/thumb/8/8d/Flute-Blue.png/18px-Flute-Blue.png	Antidote Horn	4		520	Eliminates poison in the blood of those who hear it. May break when used.
128	http://images2.wikia.nocookie.net/__cb20100121093822/monsterhunter/images/thumb/b/b7/Flute-Red.png/18px-Flute-Red.png	Demon Horn	5		1080	Increases the strength of those who hear it. May break when used.
129	http://images4.wikia.nocookie.net/__cb20100121093845/monsterhunter/images/thumb/f/f3/Flute-Orange.png/18px-Flute-Orange.png	Armor Horn	5		986	Bolsters the defenses of those who hear it. May break when used.
130	http://images1.wikia.nocookie.net/__cb20091111031846/monsterhunter/images/thumb/4/42/MH3icon-Ammo-Cyan.png/18px-MH3icon-Ammo-Cyan.png	UW Ballista Ammo	6			Ammunition for a mounted underwater Bowgun.
131	http://images2.wikia.nocookie.net/__cb20100121094348/monsterhunter/images/thumb/d/d2/Charm-Red.png/18px-Charm-Red.png	Powercharm	5	36000	3600	An amulet that raises Attack. Just carrying this gives you demonic strength.
132	http://images2.wikia.nocookie.net/__cb20100121071829/monsterhunter/images/thumb/a/a4/Horn-Red.png/18px-Horn-Red.png	Powertalon	5		6840	A powerful amulet that raises Attack. Made with a Deviljho Talon.
133	http://images4.wikia.nocookie.net/__cb20100121094336/monsterhunter/images/thumb/1/1a/Charm-Orange.png/18px-Charm-Orange.png	Armorcharm	5	24000	2400	An amulet that raises Defense. Just carrying this hardens your skin like rock.
134	http://images2.wikia.nocookie.net/__cb20100113201606/monsterhunter/images/thumb/a/ae/Horn-Orange.png/18px-Horn-Orange.png	Armortalon	5		5040	A powerful amulet that raises Defense. Made with a Deviljho Talon.
135	http://images2.wikia.nocookie.net/__cb20100106014330/monsterhunter/images/thumb/6/6a/HoneyIcon.gif/20px-HoneyIcon.gif	Honey	2		45	Full of nutrients, but indigestible in this form.
136	http://images1.wikia.nocookie.net/__cb20091224090329/monsterhunter/images/thumb/1/10/Herb-Green.png/18px-Herb-Green.png	Herb	1		2	Restores a very small amount of Health, but the flavor's not too hot.
137	http://images3.wikia.nocookie.net/__cb20091224090343/monsterhunter/images/thumb/c/cf/Herb-Blue.png/18px-Herb-Blue.png	Antidote Herb	1		2	A plant used in antidotes. It sometimes cures poison when eaten by itself.
138	http://images2.wikia.nocookie.net/__cb20091224090844/monsterhunter/images/thumb/6/6d/Herb-Red.png/18px-Herb-Red.png	Fire Herb	2		4	A wondrous, flammable plant.
139	http://images1.wikia.nocookie.net/__cb20091224090329/monsterhunter/images/thumb/1/10/Herb-Green.png/18px-Herb-Green.png	Ivy	1		8	A vine of tough fibers. Woven, it is sturdy enough to hold a person's weight.
140	http://images3.wikia.nocookie.net/__cb20091224090343/monsterhunter/images/thumb/c/cf/Herb-Blue.png/18px-Herb-Blue.png	Sleep Herb	1		5	A plant containing sleeping agents.
141	http://images3.wikia.nocookie.net/__cb20091224091027/monsterhunter/images/thumb/2/22/Herb-White.png/18px-Herb-White.png	Sap Plant	1		2	The sap it secretes is a strong adhesive. Careful you don't glue your Pouch shut!
142	http://images3.wikia.nocookie.net/__cb20091224091327/monsterhunter/images/thumb/f/fb/Herb-Yellow.png/18px-Herb-Yellow.png	Felvine	1		1	Melynxes' favorite food - they just have to steal it.
143	http://images3.wikia.nocookie.net/__cb20091224091313/monsterhunter/images/thumb/1/12/Herb-Pink.png/18px-Herb-Pink.png	Cactus Flower	2		10	Possess antidotal agents, but it will not work by itself.
144	http://images3.wikia.nocookie.net/__cb20091224090343/monsterhunter/images/thumb/c/cf/Herb-Blue.png/18px-Herb-Blue.png	Airweed	1		20	Chewing it releases oxygen, but that's easier said than done__it's really sticky.
145	http://images2.wikia.nocookie.net/__cb20091224090844/monsterhunter/images/thumb/6/6d/Herb-Red.png/18px-Herb-Red.png	Hot Pepper	2		4	Blazingly spicy. Sure, it'll warm you up, but it's too hot to handle on its own.
146	http://images1.wikia.nocookie.net/__cb20091225092522/monsterhunter/images/thumb/6/68/Mushroom-Blue.gif/19px-Mushroom-Blue.gif	Blue Mushroom	2		2	A well-known Combo material used to augment power. The deeper the blue, the better.
147	http://images1.wikia.nocookie.net/__cb20091225092619/monsterhunter/images/thumb/3/30/Mushroom-Yellow.gif/19px-Mushroom-Yellow.gif	Parashroom	3		15	A mushroom that induces paralysis.
148	http://images1.wikia.nocookie.net/__cb20091225092548/monsterhunter/images/thumb/b/b8/Mushroom-Purple.gif/19px-Mushroom-Purple.gif	Toadstool	2		8	Logic says not to eat this poisonous fungus, but don't write it off completely.
149	http://images1.wikia.nocookie.net/__cb20091225092548/monsterhunter/images/thumb/b/b8/Mushroom-Purple.gif/19px-Mushroom-Purple.gif	Exciteshroom	3		18	This one has a very strange aroma... Edible? Only one way to find out.
150	http://images2.wikia.nocookie.net/__cb20091225092604/monsterhunter/images/thumb/d/da/Mushroom-Red.gif/19px-Mushroom-Red.gif	Dragon Toadstool	4		40	A dangerous fungus said to suck the life out of the one who plucks it. Beware.
151	http://images2.wikia.nocookie.net/__cb20091225092604/monsterhunter/images/thumb/d/da/Mushroom-Red.gif/19px-Mushroom-Red.gif	Nitroshroom	2		6	A hard-to-find mushroom with the power to generate blazing heat.
152	http://images4.wikia.nocookie.net/__cb20100122012433/monsterhunter/images/thumb/3/35/Husk-Grey.png/19px-Husk-Grey.png	Huskberry	1		1	A berry that is hollow on the inside.
153	http://images4.wikia.nocookie.net/__cb20091227164836/monsterhunter/images/thumb/0/0d/Seed-Pink.png/19px-Seed-Pink.png	Paintberry	1		6	A berry with a shockng hue and an overwhelming scent. Look out: it WILL stain!
154	http://images3.wikia.nocookie.net/__cb20091227164848/monsterhunter/images/thumb/f/fa/Seed-Red.png/19px-Seed-Red.png	Might Seed	2		140	Temporarily raises your Attack when ingested by improving energy flow.
155	http://images1.wikia.nocookie.net/__cb20091227164822/monsterhunter/images/thumb/3/35/Seed-Orange.png/19px-Seed-Orange.png	Adamant Seed	2		110	Temporarily raises your Defense when ingested by hardening tissue.
156	http://images3.wikia.nocookie.net/__cb20091227164848/monsterhunter/images/thumb/f/fa/Seed-Red.png/19px-Seed-Red.png	Dragonfell Berry	2		78	Eat this to cure Dragonblight and temporarily increase Dragon Resistance.
157	http://images4.wikia.nocookie.net/__cb20091227164810/monsterhunter/images/thumb/c/c8/Seed-Grey.png/19px-Seed-Grey.png	Scatternut	2		4	A nut that violently ejects its contents when struck.
158	http://images4.wikia.nocookie.net/__cb20091227164810/monsterhunter/images/thumb/c/c8/Seed-Grey.png/19px-Seed-Grey.png	Needleberry	1		1	A berry covered with needle-like thorns.
159	http://images4.wikia.nocookie.net/__cb20091227164810/monsterhunter/images/thumb/c/c8/Seed-Grey.png/19px-Seed-Grey.png	Bomberry	2		12	A berry that explodes when struck.
160	http://images3.wikia.nocookie.net/__cb20091227164848/monsterhunter/images/thumb/f/fa/Seed-Red.png/19px-Seed-Red.png	Firedouse Berry	2		90	Eat this to cure Fireblight and temporarily increase Fire Resistance.
161	http://images1.wikia.nocookie.net/__cb20100120092030/monsterhunter/images/thumb/c/c3/Seed-Cyan.png/19px-Seed-Cyan.png	Waterblock Seed	2		100	Eat this to cure Waterblight and temporarily increase Water Resistance.
162	http://images1.wikia.nocookie.net/__cb20091227164859/monsterhunter/images/thumb/f/fa/Seed-Yellow.png/19px-Seed-Yellow.png	Stormsender Seed	2		130	Eat this to cure Thunderblight and temporarily increase Thunder Resistance.
163	http://images3.wikia.nocookie.net/__cb20091227165003/monsterhunter/images/thumb/c/c9/Seed-White.png/19px-Seed-White.png	Icethaw Pellet	2		120	Eat this to cure Iceblight and temporarily increase Ice Resistance.
164	http://images3.wikia.nocookie.net/__cb20091227152236/monsterhunter/images/thumb/0/09/Ore-Grey.png/19px-Ore-Grey.png	Stone	1		1	A rock with just the right heft for throwing. Tried and tested!
165	http://images3.wikia.nocookie.net/__cb20091227152236/monsterhunter/images/thumb/0/09/Ore-Grey.png/19px-Ore-Grey.png	Iron Ore	4		60	Ore with high iron content. Can be smelted and forged into various equipment.
166	http://images3.wikia.nocookie.net/__cb20091227152317/monsterhunter/images/thumb/f/fb/Ore-White.png/19px-Ore-White.png	Earth Crystal	4		80	Crystallized microbes which are prized as an abrasive when forging weapons.
167	http://images1.wikia.nocookie.net/__cb20100108142352/monsterhunter/images/thumb/4/4c/Ore-Blue.png/19px-Ore-Blue.png	Machalite Ore	5		160	An ore harder than iron, but also several times more difficult to forge with.
168	http://images2.wikia.nocookie.net/__cb20091227152213/monsterhunter/images/thumb/8/81/Ore-Green.png/19px-Ore-Green.png	Dragonite Ore	5		480	An ore that yields metal superior to that of Machalite. Rare and valuable.
169	http://images1.wikia.nocookie.net/__cb20091227152244/monsterhunter/images/thumb/9/9a/Ore-Orange.png/19px-Ore-Orange.png	Pelagicite Ore	4		420	Technically not ore at all, but rather prehistoric bone. Found underwater.
170	http://images3.wikia.nocookie.net/__cb20091227152260/monsterhunter/images/thumb/2/27/Ore-Purple.png/19px-Ore-Purple.png	Carbalite Ore	5		680	An ore still being researched. It yields even better metal than Dragonite.
171	http://images2.wikia.nocookie.net/__cb20091227152252/monsterhunter/images/thumb/7/77/Ore-Pink.png/19px-Ore-Pink.png	Bathycite Ore	5		720	Formed from prehistoric bones under high pressure. Never seen on land.
172	http://images3.wikia.nocookie.net/__cb20091227152308/monsterhunter/images/thumb/6/60/Ore-Red.png/19px-Ore-Red.png	Firestone	5		860	Combusts even at room temperature. Its high heat can be used to fuse materials.
173	http://images3.wikia.nocookie.net/__cb20091227152308/monsterhunter/images/thumb/6/60/Ore-Red.png/19px-Ore-Red.png	Firecell Stone	5		1720	A magma-like deposit that only trained hands can properly work with.
174	http://images3.wikia.nocookie.net/__cb20091227152236/monsterhunter/images/thumb/0/09/Ore-Grey.png/19px-Ore-Grey.png	Lightcrystal	5		1150	An extremely hard substance with a faint glow. Sometimes used for crafting tools.
175	http://images3.wikia.nocookie.net/__cb20091227152317/monsterhunter/images/thumb/f/fb/Ore-White.png/19px-Ore-White.png	Isisium	5		320	A precious metal with countless uses. Gleams pure white in the light.
176	http://images1.wikia.nocookie.net/__cb20100108142403/monsterhunter/images/thumb/d/db/Ore-Cyan.png/19px-Ore-Cyan.png	Gracium	5		580	A precious metal with countless uses. Gleams pale blue in the light. Valuable.
177	http://images3.wikia.nocookie.net/__cb20091227152325/monsterhunter/images/thumb/c/c8/Ore-Yellow.png/19px-Ore-Yellow.png	Antiseptic Stone	3		183	Combining an Earth Crystal and insect nutrients creates this. Not found in nature.
178	http://images1.wikia.nocookie.net/__cb20100108142403/monsterhunter/images/thumb/d/db/Ore-Cyan.png/19px-Ore-Cyan.png	Ice Crystal	2		60	Ice that will not melt at room temperatures. Can be used to create denser ore.
179	http://images3.wikia.nocookie.net/__cb20091227152317/monsterhunter/images/thumb/f/fb/Ore-White.png/19px-Ore-White.png	Armor Stone	4		150	Reacts uniquely to heat. Combine with other materials to create coating for armor.
180	http://images3.wikia.nocookie.net/__cb20100122020051/monsterhunter/images/thumb/9/98/Sphere-Blue.png/18px-Sphere-Blue.png	Armor Sphere	4		80	Reacts uniquely to heat. Fuse this to armor to increase its strength.
181	http://images3.wikia.nocookie.net/__cb20100122020118/monsterhunter/images/thumb/3/3d/Sphere-Green.png/18px-Sphere-Green.png	Armor Sphere+	4		300	Fuse this high-quality Armor Sphere to existing armor to increase its strength.
182	http://images2.wikia.nocookie.net/__cb20100122021254/monsterhunter/images/thumb/d/d2/Sphere-Orange.png/18px-Sphere-Orange.png	Adv Armor Sphere	5		300	An advanced Armor Sphere. Rare in Moga Village. Save it for that special upgrade.
183	http://images2.wikia.nocookie.net/__cb20100122020129/monsterhunter/images/thumb/5/56/Sphere-Purple.png/18px-Sphere-Purple.png	Hrd Armor Sphere	5		400	A hard, dense Armor Sphere. Use this rare item for more advanced armor upgrades.
184	http://images3.wikia.nocookie.net/__cb20100122020038/monsterhunter/images/thumb/5/5f/Sphere-Red.png/18px-Sphere-Red.png	Hvy Armor Sphere	5		600	A thick, dense Armor Sphere. Use this precious rarity to push armor to the limit.
185	http://images2.wikia.nocookie.net/__cb20100125082211/monsterhunter/images/thumb/e/e0/Charm-Cyan.png/18px-Charm-Cyan.png	Aquaglow Jewel	3		50	An indispensable item used in Decorations.
186	http://images2.wikia.nocookie.net/__cb20100125082131/monsterhunter/images/thumb/7/7f/JewelIcon.png/18px-JewelIcon.png	Sunspire Jewel	4		250	An indispensable item used in Decorations.
187	http://images3.wikia.nocookie.net/__cb20100125082155/monsterhunter/images/thumb/a/a1/Charm-Purple.png/18px-Charm-Purple.png	Bloodrun Jewel	5		530	An indispensable item used in Decorations. A shame that these are so high-end.
188	http://images3.wikia.nocookie.net/__cb20100125082141/monsterhunter/images/thumb/8/82/Charm-Yellow.png/18px-Charm-Yellow.png	Lazurite Jewel	5		880	An indispensable item used in Decorations. This one doesn't come along often.
189	http://images1.wikia.nocookie.net/__cb20100223215634/monsterhunter/images/thumb/6/6b/Stone-White.png/18px-Stone-White.png	Mystery Charm	3			A modest good-luck charm. What does it do? Finish the Quest and you'll find out.
190	http://images1.wikia.nocookie.net/__cb20100223215623/monsterhunter/images/thumb/2/28/Stone-Yellow.png/18px-Stone-Yellow.png	Shining Charm	4			A curious good-luck charm. What does it do? Finish the Quest and you'll find out.
191	http://images2.wikia.nocookie.net/__cb20100223215609/monsterhunter/images/thumb/c/c1/Stone-Red.png/18px-Stone-Red.png	Timeworn Charm	5			A powerful good-luck charm. What does it do? Finish the Quest and you'll find out.
192	http://images2.wikia.nocookie.net/__cb20091227154257/monsterhunter/images/thumb/7/7f/Unknown-Item.png/18px-Unknown-Item.png	Rustshard	5			A hunk of rock? No, it seems to be metal... With a little polish, it could be more.
193	http://images2.wikia.nocookie.net/__cb20091227154257/monsterhunter/images/thumb/7/7f/Unknown-Item.png/18px-Unknown-Item.png	Ancientshard	6			A fossil? No, it seems to be metal... With a little polish, it could be more.
194	http://images2.wikia.nocookie.net/__cb20091224092655/monsterhunter/images/thumb/c/cc/Bait-Green.png/19px-Bait-Green.png	Cricket	1		1	A fishing lure. Jumps amazingly far - sometimes right into a fish's mouth!
195	http://images2.wikia.nocookie.net/__cb20091224092712/monsterhunter/images/thumb/5/50/Bait-Grey.png/19px-Bait-Grey.png	Worm	1		2	A fishing lure. Wriggles underwater, enticing those fishies to bite.
196	http://images2.wikia.nocookie.net/__cb20091224092727/monsterhunter/images/thumb/3/3a/Bait-Yellow.png/19px-Bait-Yellow.png	Firefly	2		4	A fishing lure. Its everlasting glow is a challenge to fish that says bite me.
197	http://images2.wikia.nocookie.net/__cb20091224092757/monsterhunter/images/thumb/5/59/Bait-Pink.png/19px-Bait-Pink.png	Mega Fishing Fly	3		3	A fishing lure. Causes a feeding frenzy. No fish can resist this one!
198	http://images2.wikia.nocookie.net/__cb20091224092741/monsterhunter/images/thumb/3/3e/Bait-Blue.png/19px-Bait-Blue.png	Frog	2		15	Know any monsters good at fishing? Try fighting fire with fire.
199	http://images2.wikia.nocookie.net/__cb20091224092727/monsterhunter/images/thumb/3/3a/Bait-Yellow.png/19px-Bait-Yellow.png	Whitefish Bait	4		3	A fishing lure with chum that makes Whetfish go, mmm.
200	http://images2.wikia.nocookie.net/__cb20091224092727/monsterhunter/images/thumb/3/3a/Bait-Yellow.png/19px-Bait-Yellow.png	Sushi Bait	4		2	A fishing lure with chum that makes Sushifish go, mmm.
201	http://images2.wikia.nocookie.net/__cb20100111190809/monsterhunter/images/thumb/4/46/Bait-Cyan.png/19px-Bait-Cyan.png	Tuna Bait	2		4	A fishing lure with chum that makes Tunas go, mmm.
202	http://images2.wikia.nocookie.net/__cb20100111190945/monsterhunter/images/thumb/4/4e/Bait-White.png/19px-Bait-White.png	Arowana Bait	2		7	A fishing lure with chum that makes Arowanas go, mmm.
203	http://images2.wikia.nocookie.net/__cb20091224092727/monsterhunter/images/thumb/3/3a/Bait-Yellow.png/19px-Bait-Yellow.png	Goldenfish Bait	4		30	A fishing lure with chum that makes Goldenfish go, mmm.
204	http://images1.wikia.nocookie.net/__cb20091227170955/monsterhunter/images/thumb/f/f7/Fish-Yellow.png/19px-Fish-Yellow.png	Whetfish	1		45	A fish with a dorsal fin hard enough to sharpen weapons with.
205	http://images2.wikia.nocookie.net/__cb20091227170921/monsterhunter/images/thumb/a/a6/Fish-Orange.png/19px-Fish-Orange.png	Sushifish	1		45	A fatty, delicious fish that restores a small amount of Health when consumed.
206	http://images2.wikia.nocookie.net/__cb20091227170752/monsterhunter/images/thumb/b/bf/Fish-Cyan.png/19px-Fish-Cyan.png	Sleepy Fish	2		45	A fish that contains sleeping agents.
207	http://images3.wikia.nocookie.net/__cb20091227170852/monsterhunter/images/thumb/b/ba/Fish-Grey.png/19px-Fish-Grey.png	Pin Tuna	1		50	A fish with jaws covered in tiny, needle-like spikes.
208	http://images3.wikia.nocookie.net/__cb20091227170852/monsterhunter/images/thumb/b/ba/Fish-Grey.png/19px-Fish-Grey.png	Popfish	2		15	A fish that literally pops when it dies.
209	http://images3.wikia.nocookie.net/__cb20091227170852/monsterhunter/images/thumb/b/ba/Fish-Grey.png/19px-Fish-Grey.png	Scatterfish	4		150	A fish that dashes itself to pieces when it dies.
210	http://images3.wikia.nocookie.net/__cb20091227170852/monsterhunter/images/thumb/b/ba/Fish-Grey.png/19px-Fish-Grey.png	Burst Arowana 	4		45	A fish that bursts open when it dies
211	http://images3.wikia.nocookie.net/__cb20091227170852/monsterhunter/images/thumb/b/ba/Fish-Grey.png/19px-Fish-Grey.png	Bomb Arowana	4		135	A fish that explodes when it dies.
212	http://images2.wikia.nocookie.net/__cb20091227170921/monsterhunter/images/thumb/a/a6/Fish-Orange.png/19px-Fish-Orange.png	Glutton tuna	4		13	A fish that eats anything - allowing you to sometimes get items from its stomach.
213	http://images1.wikia.nocookie.net/__cb20091227170955/monsterhunter/images/thumb/f/f7/Fish-Yellow.png/19px-Fish-Yellow.png	Small Goldenfish	4		300	A rare fish that commands a high price, but beware its ferocity, rookies!
214	http://images1.wikia.nocookie.net/__cb20100122010835/monsterhunter/images/thumb/a/ac/Bug-Grey.png/18px-Bug-Grey.png	Insect Husk	1		1	The remains of an insect. You must be one hardcore collector to hang onto this!
215	http://images1.wikia.nocookie.net/__cb20100122011821/monsterhunter/images/thumb/c/c7/Bug-Blue.png/18px-Bug-Blue.png	Yambug	1		3	Named for its shape. Make fishing lures with it; its scent drives Tunas wild.
216	http://images3.wikia.nocookie.net/__cb20100122010719/monsterhunter/images/thumb/a/af/BugIcon.png/18px-BugIcon.png	Bughopper	1		6	A roundish insect. Make fishing lures with it; its scent drives Arowanas wild.
217	http://images4.wikia.nocookie.net/__cb20100122011835/monsterhunter/images/thumb/3/3b/Bug-Orange.png/18px-Bug-Orange.png	Snakebee Larva	1		30	An unusual larva. Make fishing lures with it; its scent drives Goldenfish wild.
218	http://images3.wikia.nocookie.net/__cb20100122010719/monsterhunter/images/thumb/a/af/BugIcon.png/18px-BugIcon.png	Godbug	4		210	An insect said to live 1000 years - but no one's lived long enough to prove it.
219	http://images1.wikia.nocookie.net/__cb20100122011821/monsterhunter/images/thumb/c/c7/Bug-Blue.png/18px-Bug-Blue.png	Bitterbug	1		2	Boosts your natural ability to heal when eaten. It also cures poison... sometimes.
220	http://images2.wikia.nocookie.net/__cb20100122011807/monsterhunter/images/thumb/2/25/Bug-Yellow.png/18px-Bug-Yellow.png	Flashbug	2		48	A nocturnal insect sometimes found in daylight. They emit a bright flash upon death.
221	http://images2.wikia.nocookie.net/__cb20100122011807/monsterhunter/images/thumb/2/25/Bug-Yellow.png/18px-Bug-Yellow.png	Thunderbug	4		350	Releases an electric shock when struck. Used to light rooms and start fires.
222	http://images2.wikia.nocookie.net/__cb20100122011740/monsterhunter/images/thumb/7/76/Bug-Red.png/18px-Bug-Red.png	Killer Beetle	4		500	This insect's hard shell is often used as an abrasive.
223	http://images2.wikia.nocookie.net/__cb20100122011740/monsterhunter/images/thumb/7/76/Bug-Red.png/18px-Bug-Red.png	Hercudrome	5		540	Said to be the world's strongest bug. Used in forging, cooking, and more.
224	http://images4.wikia.nocookie.net/__cb20100122011754/monsterhunter/images/thumb/2/29/Bug-Pink.png/18px-Bug-Pink.png	Gluehopper	4		120	This bug's expectorations make for a strong adhesive that can bond any materials.
225	http://images2.wikia.nocookie.net/__cb20100122011807/monsterhunter/images/thumb/2/25/Bug-Yellow.png/18px-Bug-Yellow.png	Rare Scarab	5		750	A rare and valuable insect that greatly assists in the bonding of metals.
226	http://images1.wikia.nocookie.net/__cb20091227163708/monsterhunter/images/thumb/6/6d/Sac-Grey.png/15px-Sac-Grey.png	Screamer	4		15	A monster organ that emits an earsplitting sonic blast when ruptured.
227	http://images3.wikia.nocookie.net/__cb20091227163425/monsterhunter/images/thumb/f/f0/Sac-Purple.png/15px-Sac-Purple.png	Poison Sac	4		96	A monster organ that contains a lethal toxin. Handle with extreme care.
228	http://images3.wikia.nocookie.net/__cb20091227163425/monsterhunter/images/thumb/f/f0/Sac-Purple.png/15px-Sac-Purple.png	Toxin Sac	4		192	A monster organ that contains a lethal toxin. Handle with extreme care.
229	http://images1.wikia.nocookie.net/__cb20091227163308/monsterhunter/images/thumb/5/57/Sac-Yellow.png/15px-Sac-Yellow.png	Paralysis Sac	4		120	A monster organ that contains paralyzing neurotoxins.
230	http://images3.wikia.nocookie.net/__cb20091227163330/monsterhunter/images/thumb/0/06/Sac-Blue.png/15px-Sac-Blue.png	Sleep Sac	4		340	A monster organ that contains a knockout powder capable of inducing sleep.
231	http://images3.wikia.nocookie.net/__cb20091227163330/monsterhunter/images/thumb/0/06/Sac-Blue.png/15px-Sac-Blue.png	Coma Sac	5		640	A monster organ that contains dangerous powder. One whiff can induce a coma.
232	http://images1.wikia.nocookie.net/__cb20091227163050/monsterhunter/images/thumb/c/c2/Sac-Red.png/15px-Sac-Red.png	Flame Sac	4		240	A monster organ filled with flammable powder. Handle with caution.
233	http://images1.wikia.nocookie.net/__cb20091227163050/monsterhunter/images/thumb/c/c2/Sac-Red.png/15px-Sac-Red.png	Inferno Sac	4		480	A monster organ filled with powder that ignites if it so much as touches air. Danger!
234	http://images3.wikia.nocookie.net/__cb20091227163660/monsterhunter/images/thumb/8/85/Sac-White.png/15px-Sac-White.png	Frost Sac	4		290	A monster organ that contains a sub-zero liquid. Handle with extreme care.
235	http://images3.wikia.nocookie.net/__cb20091227163660/monsterhunter/images/thumb/8/85/Sac-White.png/15px-Sac-White.png	Freezer Sac	4		540	A monster organ with tremendous freezing power.
236	http://images1.wikia.nocookie.net/__cb20091227161452/monsterhunter/images/thumb/b/b6/Liquid-Blue.png/18px-Liquid-Blue.png	Dash Extract	4		56	A mysterious substance that can be culled from certain monsters.
237	http://images1.wikia.nocookie.net/__cb20091227161452/monsterhunter/images/thumb/b/b6/Liquid-Blue.png/18px-Liquid-Blue.png	Pale Extract	4		122	Has the ability to amplify the effects of certain medicines.
238	http://images2.wikia.nocookie.net/__cb20091227161512/monsterhunter/images/thumb/c/c7/Liquid-Cyan.png/18px-Liquid-Cyan.png	Monster Fluid	4		500	Sticky fluid that is often found in insects after they feast.
239	http://images2.wikia.nocookie.net/__cb20091227161512/monsterhunter/images/thumb/c/c7/Liquid-Cyan.png/18px-Liquid-Cyan.png	Monster Broth	4		1000	A broth made from only the thickest of a monster's juices. Quite rich.
240	http://images2.wikia.nocookie.net/__cb20100109132144/monsterhunter/images/thumb/f/fc/03_Bone_Yellow.png/18px-03_Bone_Yellow.png	Monster Bone S	3		10	A handy material used to make everything from equipment to sundries.
241	http://images2.wikia.nocookie.net/__cb20100109132144/monsterhunter/images/thumb/f/fc/03_Bone_Yellow.png/18px-03_Bone_Yellow.png	Monster Bone M	4		210	A nicely-sized bone. Strong yet flexible, it's as reliable as steel and wood.
242	http://images2.wikia.nocookie.net/__cb20100109132144/monsterhunter/images/thumb/f/fc/03_Bone_Yellow.png/18px-03_Bone_Yellow.png	Monster Bone L	5		440	Wyvern bone needed to craft larger items. The right item will fuse this to a shell.
243	http://images2.wikia.nocookie.net/__cb20100109132144/monsterhunter/images/thumb/f/fc/03_Bone_Yellow.png/18px-03_Bone_Yellow.png	Mystery Bone	1		1	A weathered bone. Not sturdy enough to use in forging.
244	http://images2.wikia.nocookie.net/__cb20100109132144/monsterhunter/images/thumb/f/fc/03_Bone_Yellow.png/18px-03_Bone_Yellow.png	Unknown Skull	4		120	An animal skull worn and weathered beyond identification.
245	http://images1.wikia.nocookie.net/__cb20091227155922/monsterhunter/images/thumb/1/14/09_Bone_White.png/18px-09_Bone_White.png	Bone	1		15	A long, thin bone. Junk, no matter how you slice it, but not completely worthless.
246	http://images1.wikia.nocookie.net/__cb20091227155249/monsterhunter/images/thumb/e/e9/02_Bone_Orange.png/18px-02_Bone_Orange.png	Monster Bone+	5		550	A top-quality monster bone. Hard to find, but vital for crafting powerful equipment.
247	http://images4.wikia.nocookie.net/__cb20091227160149/monsterhunter/images/thumb/0/0a/10_Bone_LiteBlue.png/18px-10_Bone_LiteBlue.png	Bird Wyvern Bone	4		210	A bone from a Jaggi or other bird wyvern. Small in size, but high in quality.
248	http://images1.wikia.nocookie.net/__cb20091227155922/monsterhunter/images/thumb/1/14/09_Bone_White.png/18px-09_Bone_White.png	Dragonbone Relic	5		500	A curiously unfossilized bone from a dragon that once roamed these lands.
249	http://images4.wikia.nocookie.net/__cb20100110201719/monsterhunter/images/thumb/a/ad/Husk-White.png/17px-Husk-White.png	Bone Husk S	2		3	Used as a bone ammo casing. Produces sturdier results than a Huskberry.
250	http://images4.wikia.nocookie.net/__cb20100110201719/monsterhunter/images/thumb/a/ad/Husk-White.png/17px-Husk-White.png	Bone Husk L	3		5	A large flying wyvern's vertebra. As ammo casing, it can withstand heavy blasts.
251	http://images2.wikia.nocookie.net/__cb20100110201524/monsterhunter/images/thumb/0/0d/Scale-Grey.png/17px-Scale-Grey.png	Broken Shell	2		30	A beautiful fragment__but, seeing as it's broken, it won't fetch much.
252	http://images2.wikia.nocookie.net/__cb20100110201524/monsterhunter/images/thumb/0/0d/Scale-Grey.png/17px-Scale-Grey.png	Black Pearl	4		300	The Hunting Fleet sometimes brings these back. The black glow fetches a high price.
253	http://images3.wikia.nocookie.net/__cb20100110201128/monsterhunter/images/thumb/d/d2/Scale-White.png/17px-Scale-White.png	Jumbo Pearl	4		500	A huge pearl__so huge, unfortunately, that it may be dismissed as a fake.
254	http://images2.wikia.nocookie.net/__cb20100117073260/monsterhunter/images/thumb/a/ae/Bag-Blue.png/18px-Bag-Blue.png	Beautiful Scale	4		22	An everyday Commodity. These amber fish scales must be traded in bulk.
255	http://images3.wikia.nocookie.net/__cb20100117073245/monsterhunter/images/thumb/8/8e/Bag-Yellow.png/18px-Bag-Yellow.png	Shining Starfish	4		25	An everyday Commodity. Part of the Hunting Fleet's catch. Must trade in bulk.
256	http://images4.wikia.nocookie.net/__cb20100113203514/monsterhunter/images/thumb/d/de/Bag-White.png/18px-Bag-White.png	Armorfish Morsel	4		84	An everyday Commodity. These fish breed near Moga's shores. Must trade in bulk.
257	http://images3.wikia.nocookie.net/__cb20100117073234/monsterhunter/images/thumb/8/80/Bag-Orange.png/18px-Bag-Orange.png	Fine Pelt	4		60	An everyday Commodity. These durable Kelbi pelts must be traded in bulk.
258	http://images4.wikia.nocookie.net/__cb20100113203514/monsterhunter/images/thumb/d/de/Bag-White.png/18px-Bag-White.png	Power Paddle	4		130	An everyday Commodity. This Tackle shortens voyages by 1/2 day. Must trade in bulk.
259	http://images4.wikia.nocookie.net/__cb20100113203514/monsterhunter/images/thumb/d/de/Bag-White.png/18px-Bag-White.png	Curved Fang	4		15	An everyday Commodity. These bird wyvern fangs must be traded in bulk.
260	http://images1.wikia.nocookie.net/__cb20091227155922/monsterhunter/images/thumb/1/14/09_Bone_White.png/18px-09_Bone_White.png	Dragonbone Piece	4		130	An everyday Commodity. These can be converted to Resources or traded in bulk.
261	http://images1.wikia.nocookie.net/__cb20100117073818/monsterhunter/images/thumb/6/68/Shell-Grey.png/18px-Shell-Grey.png	Abalone Piece	4		400	An everyday Commodity. These can be converted to Resources or traded in bulk.
262	http://images3.wikia.nocookie.net/__cb20091227152236/monsterhunter/images/thumb/0/09/Ore-Grey.png/18px-Ore-Grey.png	Fossil Piece	4		50	An everyday Commodity. These can be converted to Resources or traded in bulk.
263	http://images3.wikia.nocookie.net/__cb20100117073245/monsterhunter/images/thumb/8/8e/Bag-Yellow.png/18px-Bag-Yellow.png	Stunning Quill	4		490	A quality Commodity. Even one of these rainbow quills makes a good trade.
264	http://images2.wikia.nocookie.net/__cb20100113204132/monsterhunter/images/thumb/5/5f/Shell-White.png/18px-Shell-White.png	Saturnian	4		350	A quality Commodity. Even one of these soil-dwellers makes a good trade.
265	http://images2.wikia.nocookie.net/__cb20100117073260/monsterhunter/images/thumb/a/ae/Bag-Blue.png/18px-Bag-Blue.png	Mystic Narwhal	4		400	A quality Commodity. Even one of these revered fish makes a good trade.
266	http://images2.wikia.nocookie.net/__cb20100125075104/monsterhunter/images/thumb/d/de/Bag-Green.png/18px-Bag-Green.png	Perfect Paddle	4		320	A quality Commodity. This Tackle shortens voyages by 1 day. Also a good trade.
267	http://images3.wikia.nocookie.net/__cb20100117073245/monsterhunter/images/thumb/8/8e/Bag-Yellow.png/18px-Bag-Yellow.png	Moonlight Fang	5		520	A quality Commodity. Even one of these uncommon fangs makes a good trade.
268	http://images3.wikia.nocookie.net/__cb20100117073245/monsterhunter/images/thumb/8/8e/Bag-Yellow.png/18px-Bag-Yellow.png	Glittering Scale	4		110	A quality Commodity. This weathered fang glows white. Makes a good trade.
269	http://images2.wikia.nocookie.net/__cb20100109094831/monsterhunter/images/thumb/f/fa/Specialty-White.png/19px-Specialty-White.png	Giant Skull	5		660	A rare Commodity _. Use this massive monster skull for a Rare Trade.
270	http://images1.wikia.nocookie.net/__cb20100113203261/monsterhunter/images/thumb/f/f6/Specialty-Red.png/19px-Specialty-Red.png	Atlantis Crab	5		750	A rare Commodity _. It houses a precious gem. Use it for a Rare Trade.
271	http://images2.wikia.nocookie.net/__cb20100109094831/monsterhunter/images/thumb/f/fa/Specialty-White.png/19px-Specialty-White.png	Queen Needle	5		490	A rare Commodity _. Use this Bnahabra queen's needle for a Rare Trade.
272	http://images4.wikia.nocookie.net/__cb20100109101509/monsterhunter/images/thumb/c/c7/Specialty-Yellow.png/19px-Specialty-Yellow.png	Eldest Saturnian	5		2400	A rare Commodity _. Use this oldest of soil-dwellers for a Rare Trade.
273	http://images2.wikia.nocookie.net/__cb20100109094831/monsterhunter/images/thumb/f/fa/Specialty-White.png/19px-Specialty-White.png	Ancient Skin Oil	5		890	A rare Commodity __. The R. Ludroth and Lagiacrus produce it. For Rare Trade.
274	http://images1.wikia.nocookie.net/__cb20100109101442/monsterhunter/images/thumb/0/0f/Specialty-Pink.png/19px-Specialty-Pink.png	Flamboyant Quill	5		870	A rare Commodity __. Use this shockingly-colored quill for a Rare Trade.
275	http://images4.wikia.nocookie.net/__cb20100109101509/monsterhunter/images/thumb/c/c7/Specialty-Yellow.png/19px-Specialty-Yellow.png	Queen's Spirit	5		1460	A rare Commodity ___. Use this Rathian bone serum for a Rare Trade.
276	http://images1.wikia.nocookie.net/__cb20100113203261/monsterhunter/images/thumb/f/f6/Specialty-Red.png/19px-Specialty-Red.png	Vermilion Scale	5		2750	A rare Commodity ____. Use this blisteringly hot scale for a Rare Trade.
277	http://images2.wikia.nocookie.net/__cb20100113200705/monsterhunter/images/thumb/f/f7/Specialty-Blue.png/19px-Specialty-Blue.png	Sea-king's Scale	5		2750	A rare Commodity ____. Strangely, this scale never dries. For Rare Trades.
278	http://images3.wikia.nocookie.net/__cb20100204224404/monsterhunter/images/thumb/5/51/Egg-Green.png/18px-Egg-Green.png	Odd Egg	4		0	A mysterious egg found only rarely in Moga Woods. Can be converted to Resources.
279	http://images3.wikia.nocookie.net/__cb20100121093058/monsterhunter/images/thumb/f/fd/Dung-icon.png/18px-Dung-icon.png	Dung	1		1	That's right: monster poop. The odor reveals (too) much about the monster's diet.
280	http://images1.wikia.nocookie.net/__cb20100125074830/monsterhunter/images/thumb/e/e7/Dung1-icon.png/18px-Dung1-icon.png	Super-sized Dung	4		40	Fertilizer for the fields. Aptonoth grow big... and so did this! Outperforms Dung.
281	http://images3.wikia.nocookie.net/__cb20100121093058/monsterhunter/images/thumb/f/fd/Dung-icon.png/18px-Dung-icon.png	Fertile Mud	4		200	Mud that Barroth roll around in. Nutrient-rich and great for farming.
282	http://images2.wikia.nocookie.net/__cb20100125074353/monsterhunter/images/thumb/3/3b/Traptool-Yellow.png/18px-Traptool-Yellow.png	Saturnian Trap	4		10	Fertilizer for the Farm. Use this to hunt for strange soil-dwelling creatures.
283	http://images2.wikia.nocookie.net/__cb20100125074407/monsterhunter/images/thumb/0/09/Liquid-Purple.png/19px-Liquid-Purple.png	BugMaker! Pro	4		45	Fertilizer for the Insect Box. 10 bugs a drop, or we'll EAT a bug! it reads.
284	http://images4.wikia.nocookie.net/__cb20100122011754/monsterhunter/images/thumb/2/29/Bug-Pink.png/18px-Bug-Pink.png	Funky Pheromones	4		25	Fertilizer for the Insect Box. Some monsters emit this scent, and bugs love it.
285	http://images1.wikia.nocookie.net/__cb20091227161604/monsterhunter/images/thumb/9/94/Liquid-White.png/19px-Liquid-White.png	Shroom Germ	4		20	Fertilizer for the Shroom Box. This bacteria is found within certain monsters.
286	http://images3.wikia.nocookie.net/__cb20091227161617/monsterhunter/images/thumb/5/50/Liquid-Yellow.png/19px-Liquid-Yellow.png	Shroom Germ+	4		15	Fertilizer for the Shroom Box. This bacteria can't be beat. It's the Germinator!
287	http://images2.wikia.nocookie.net/__cb20100122011807/monsterhunter/images/thumb/2/25/Bug-Yellow.png/18px-Bug-Yellow.png	Bizzy Bees	4		40	Fertilizer for the Honey Box. Bred abroad, these busy bees never, ever rest.
288	http://images2.wikia.nocookie.net/__cb20091227170921/monsterhunter/images/thumb/a/a6/Fish-Orange.png/19px-Fish-Orange.png	Fish Finder	4		30	Improves the Hunting Fleet's catch when Fishing; less effective otherwise.
289	http://images1.wikia.nocookie.net/__cb20100109080224/monsterhunter/images/thumb/e/e0/Ticket-White.png/19px-Ticket-White.png	Treasure Tracker	4		55	Improves the Hunting Fleet's catch when seeking Treasures; less effective otherwise.
290	http://images3.wikia.nocookie.net/__cb20100125075251/monsterhunter/images/thumb/3/3c/Traptool-Orange.png/19px-Traptool-Orange.png	Spare Spear	4		60	Improves the Hunting Fleet's catch when Hunting; less effective otherwise.
291	http://images4.wikia.nocookie.net/__cb20100113203514/monsterhunter/images/thumb/d/de/Bag-White.png/18px-Bag-White.png	Power Paddle	4		130	An everyday Commodity. This Tackle shortens voyages by 1/2 day. Must trade in bulk.
292	http://images2.wikia.nocookie.net/__cb20100125075104/monsterhunter/images/thumb/d/de/Bag-Green.png/18px-Bag-Green.png	Perfect Paddle	4		320	A quality Commodity. This Tackle shortens voyages by 1 day. Also a good trade.
293	http://images2.wikia.nocookie.net/__cb20100113205155/monsterhunter/images/thumb/1/15/Horn-Yellow.png/18px-Horn-Yellow.png	Pittance Fang	4		180	A wyvern fang from Moga Woods with little value. Sell it for pocket change.
294	http://images2.wikia.nocookie.net/__cb20100113205155/monsterhunter/images/thumb/1/15/Horn-Yellow.png/18px-Horn-Yellow.png	Gold Needle	4		240	A needle obtained from certain monsters. Sell it for pocket change.
295	http://images2.wikia.nocookie.net/__cb20100113205155/monsterhunter/images/thumb/1/15/Horn-Yellow.png/18px-Horn-Yellow.png	Fortune Fang	4		2600	A monster fang from Moga Woods worth a great deal. Sell it for a tidy sum.
296	http://images3.wikia.nocookie.net/__cb20091227152325/monsterhunter/images/thumb/c/c8/Ore-Yellow.png/19px-Ore-Yellow.png	Wyverngold	5		5500	A gold rock crystallized in a wyvern's belly over dozens of years. Worth a fortune.
297	http://images3.wikia.nocookie.net/__cb20100125082141/monsterhunter/images/thumb/8/82/Charm-Yellow.png/18px-Charm-Yellow.png	Pirate Booty	5		10000	The treasure of the Pirate King, arr! Who knows what riches it be sellin' for?
298	http://images1.wikia.nocookie.net/__cb20091227153629/monsterhunter/images/thumb/a/a4/Egg-Steel.png/18px-Egg-Steel.png	Steel Egg	4		1000	A egg of glittering steel. Very valuable and rare, but of no use to a hunter.
299	http://images3.wikia.nocookie.net/__cb20091227153617/monsterhunter/images/thumb/9/94/Egg-Silver.png/18px-Egg-Silver.png	Silver Egg	4		5000	A egg of glittering silver. Very valuable and rare, but of no use to a hunter.
300	http://images1.wikia.nocookie.net/__cb20091227153561/monsterhunter/images/thumb/f/f4/Egg-Gold.png/18px-Egg-Gold.png	Golden Egg	4		10000	An egg of glittering gold. Insanely valuable and rare, but of no use to a hunter.
301	http://images1.wikia.nocookie.net/__cb20100113204533/monsterhunter/images/thumb/f/f8/Unknown-Yellow.png/18px-Unknown-Yellow.png	Incomplete Crown	4		500	A crown of gold. On the brow is a hole for some sort of missing gemstone.
302	http://images3.wikia.nocookie.net/__cb20100113204546/monsterhunter/images/thumb/2/28/Unknown-Red.png/18px-Unknown-Red.png	Crown's Gemstone	4		1000	A pure, precious stone that was once set into a crown. Valuable even on its own.
303	http://images1.wikia.nocookie.net/__cb20100113204604/monsterhunter/images/thumb/3/33/Unknown-Orange.png/18px-Unknown-Orange.png	Dazzling Crown	4		6000	A sophisticated symbol of wealth that shines like the sun. Everybody wants one!
304	http://images1.wikia.nocookie.net/__cb20100109072659/monsterhunter/images/thumb/2/22/MealTicket-White.png/19px-MealTicket-White.png	Voucher	4		500	Redeem this for a special meal with stronger effects than usual.
305	http://images4.wikia.nocookie.net/__cb20100109072737/monsterhunter/images/thumb/6/6d/MealTicket-Yellow.png/19px-MealTicket-Yellow.png	Gourmet Voucher	5		1000	Exchange this for a kingly meal. Both its flavor and effects are top notch.
306	http://images3.wikia.nocookie.net/__cb20100109081119/monsterhunter/images/thumb/a/ab/Ticket-Cyan.png/19px-Ticket-Cyan.png	Sharq Ticket	5		0	Trade this in for a rare stuffed Sharq__normal Quests won't get you one.
307	http://images2.wikia.nocookie.net/__cb20100109081156/monsterhunter/images/thumb/8/84/Ticket-Grey.png/19px-Ticket-Grey.png	Black Gem Ticket	5		0	Trade this in for a crystal that swirls with darkness__the only way to get one.
308	http://images2.wikia.nocookie.net/__cb20100109081156/monsterhunter/images/thumb/8/84/Ticket-Grey.png/19px-Ticket-Grey.png	Wyvrnhide Ticket	5		0	Trade this in for a thick piece of wyvern leather__the only way to get one.
309	http://images4.wikia.nocookie.net/__cb20100109081242/monsterhunter/images/thumb/d/d1/Ticket-Yellow.png/19px-Ticket-Yellow.png	Lightning Ticket	5		0	Applying electricity to this unique paper reveals a special weapon recipe.
310	http://images4.wikia.nocookie.net/__cb20100109081223/monsterhunter/images/thumb/c/c9/Ticket-Red.png/19px-Ticket-Red.png	Smith's Notebook	5		0	Contains weapon recipes and notes gleaned from the toils of a hard-working smith.
311	http://images2.wikia.nocookie.net/__cb20100109081141/monsterhunter/images/thumb/0/0c/Ticket-Green.png/19px-Ticket-Green.png	HellHunter Tag	5		0	Proof you have survived many onerous trials; used in the creation of special armor.
312	http://images2.wikia.nocookie.net/__cb20100109081141/monsterhunter/images/thumb/0/0c/Ticket-Green.png/19px-Ticket-Green.png	SoulHunter Tag	5		0	Badge of honor granted only to true hunters; used in the creation of special armor.
313	http://images3.wikia.nocookie.net/__cb20100109081119/monsterhunter/images/thumb/a/ab/Ticket-Cyan.png/19px-Ticket-Cyan.png	Dark Metal	5		0	An unknown metal from deep in the Tundra, it sucks the life from any who touch it.
314	http://images2.wikia.nocookie.net/__cb20100109080241/monsterhunter/images/thumb/0/0c/Ticket-Blue.png/19px-Ticket-Blue.png	Incomplete Plans	5		0	Recipe for a revolutionary weapon... or would be, if it had been completed.
315	http://images1.wikia.nocookie.net/__cb20100109081208/monsterhunter/images/thumb/1/1c/Ticket-Orange.png/19px-Ticket-Orange.png	Lion King's Seal	5		0	Used to forge a weapon that only those who finish a special Quest may wield.
316	http://images4.wikia.nocookie.net/__cb20100109081223/monsterhunter/images/thumb/c/c9/Ticket-Red.png/19px-Ticket-Red.png	Conqueror's Seal	5		0	Proof you have overcome countless trials, and a true badge of honor.
317	http://images1.wikia.nocookie.net/__cb20100109080224/monsterhunter/images/thumb/e/e0/Ticket-White.png/19px-Ticket-White.png	Commendation	4		0	A ticket awarded for a display of bravery. Collect enough and it might pay off.
318	http://images2.wikia.nocookie.net/__cb20100605062250/monsterhunter/images/thumb/b/bf/Coin-Yellow.png/18px-Coin-Yellow.png	Great Jaggi Coin	4		100	A gift for defeating a Great Jaggi in the Arena.
319	http://images4.wikia.nocookie.net/__cb20100605062248/monsterhunter/images/thumb/2/2c/Coin-Orange.png/18px-Coin-Orange.png	Qurupeco Coin	4		200	A gift for defeating a Qurupeco in the Arena.
320	http://images3.wikia.nocookie.net/__cb20100605062247/monsterhunter/images/thumb/6/6a/Coin-Blue.png/18px-Coin-Blue.png	R. Ludroth Coin	4		400	A gift for defeating a Royal Ludroth in the Arena.
321	http://images4.wikia.nocookie.net/__cb20100605062248/monsterhunter/images/thumb/2/2c/Coin-Orange.png/18px-Coin-Orange.png	Barroth Coin	4		300	A gift for defeating a Barroth in the Arena.
322	http://images4.wikia.nocookie.net/__cb20100605062248/monsterhunter/images/thumb/1/17/Coin-Purple.png/18px-Coin-Purple.png	Gobul Coin	4		500	A gift for defeating a Gobul in the Arena.
323	http://images2.wikia.nocookie.net/__cb20100605062202/monsterhunter/images/thumb/7/7f/Coin-Green.png/18px-Coin-Green.png	Rathian Coin	5		500	A gift for defeating a Rathian in the Arena.
324	http://images1.wikia.nocookie.net/__cb20100605062249/monsterhunter/images/thumb/5/5d/Coin-Red.png/18px-Coin-Red.png	Rathalos Coin	5		980	A gift for defeating a Rathalos in the Arena.
325	http://images2.wikia.nocookie.net/__cb20100605062247/monsterhunter/images/thumb/0/09/Coin-Cyan.png/18px-Coin-Cyan.png	Lagiacrus Coin	5		700	A gift for defeating a Lagiacrus in the Arena.
326	http://images4.wikia.nocookie.net/__cb20100605062249/monsterhunter/images/thumb/2/2e/Coin-White.png/18px-Coin-White.png	Barioth Coin	4		800	A gift for defeating a Barioth in the Arena.
327	http://images2.wikia.nocookie.net/__cb20100605062250/monsterhunter/images/thumb/b/bf/Coin-Yellow.png/18px-Coin-Yellow.png	Diablos Coin	5		1000	A gift for defeating a Diablos in the Arena.
328	http://images1.wikia.nocookie.net/__cb20100605062249/monsterhunter/images/thumb/5/5d/Coin-Red.png/18px-Coin-Red.png	Uragaan Coin	5		1100	A gift for defeating a Uragaan in the Arena.
329	http://images1.wikia.nocookie.net/__cb20100605062249/monsterhunter/images/thumb/5/5d/Coin-Red.png/18px-Coin-Red.png	Agnaktor Coin	5		1200	A gift for defeating an Agnaktor in the Arena.
330	http://images4.wikia.nocookie.net/__cb20100605062248/monsterhunter/images/thumb/1/17/Coin-Purple.png/18px-Coin-Purple.png	Deviljho Coin	5		1300	A gift for defeating a Deviljho in the Arena.
331	http://images1.wikia.nocookie.net/__cb20100605062249/monsterhunter/images/thumb/5/5d/Coin-Red.png/18px-Coin-Red.png	Pinnacle Coin	5		300	A glorious coin given only to unquestioned Masters of Hunting. Beyond priceless.
332	http://images4.wikia.nocookie.net/__cb20100605062249/monsterhunter/images/thumb/2/2e/Coin-White.png/18px-Coin-White.png	Hunter King Coin	5		500	A silver coin given only to True Hunters. Its gleam is a symbol of your glory.
333	http://images4.wikia.nocookie.net/__cb20100205134909/monsterhunter/images/thumb/3/3f/MushroomIcon.png/19px-MushroomIcon.png	Unique Mushroom	5		50	A pinky-sized mushroom valued for its unusual aroma.
334	http://images4.wikia.nocookie.net/__cb20100205134909/monsterhunter/images/thumb/3/3f/MushroomIcon.png/19px-MushroomIcon.png	Choice Mushroom	5		500	The perfect shape and aroma. Even better than a Unique Mushroom.
335	http://images3.wikia.nocookie.net/__cb20100214215113/monsterhunter/images/thumb/4/45/Mushroom-Green.gif/19px-Mushroom-Green.gif	Ripened Mushroom	5		250	A unique Mushroom made more unique by maturing its aroma and flavor.
336	http://images1.wikia.nocookie.net/__cb20100122011821/monsterhunter/images/thumb/c/c7/Bug-Blue.png/18px-Bug-Blue.png	Royal Rhino	2		200	A beetle with a jewel-like gleam. Prized by bug fans of all ages.
337	http://images3.wikia.nocookie.net/__cb20091227155523/monsterhunter/images/thumb/6/68/06_Bone_Purple.png/18px-06_Bone_Purple.png	Crystal Bone	2		60	A unique bone prized in the village for reasons unknown.
338	http://images2.wikia.nocookie.net/__cb20100109132144/monsterhunter/images/thumb/f/fc/03_Bone_Yellow.png/18px-03_Bone_Yellow.png	Golden Bone	2		350	A glittering, golden bone. Popular with collectors.
339	http://images3.wikia.nocookie.net/__cb20091227152308/monsterhunter/images/thumb/6/60/Ore-Red.png/19px-Ore-Red.png	Red Coral Stone	3		75	An item found underwater in these parts. Easy money!
340	http://images3.wikia.nocookie.net/__cb20091227152308/monsterhunter/images/thumb/6/60/Ore-Red.png/19px-Ore-Red.png	Bloodstone	3		90	Is this crimson stone the relic of some ancient beast?
341	http://images3.wikia.nocookie.net/__cb20091227152308/monsterhunter/images/thumb/6/60/Ore-Red.png/19px-Ore-Red.png	Powderstone	6			A rock that explodes with even the slightest jolt. Careful!
342	http://images3.wikia.nocookie.net/__cb20091227170955/monsterhunter/images/thumb/f/f7/Fish-Yellow.png/18px-Fish-Yellow.png	Goldenfish	4		500	A rare fish made of solid gold. Sell it for a tidy sum.
343	http://images3.wikia.nocookie.net/__cb20100205123703/monsterhunter/images/thumb/b/bc/Shell-Yellow.png/18px-Shell-Yellow.png	Monster Guts	3		300	Monster innards galore. A prized delicacy.
344	http://images3.wikia.nocookie.net/__cb20100121102140/monsterhunter/images/thumb/2/2f/Meat-Red.png/18px-Meat-Red.png	Popo Tongue	2		45	Popo Tongue are popular, healthy, and fun to eat.
345	http://images1.wikia.nocookie.net/__cb20100205135460/monsterhunter/images/thumb/8/82/Shell-Blue.png/18px-Shell-Blue.png	Wyvern Tear	5		500	Mysterious tears wept only on special occasions.
346	http://images3.wikia.nocookie.net/__cb20091227153617/monsterhunter/images/thumb/9/94/Egg-Silver.png/18px-Egg-Silver.png	Wyvern Egg	5			An egg taken from a flying wyvern's nest. Very fragile, so handle with care.
347	http://images1.wikia.nocookie.net/__cb20091227153561/monsterhunter/images/thumb/f/f4/Egg-Gold.png/18px-Egg-Gold.png	Herbivore Egg	5			An egg stolen from an herbivore's nest. It looks pretty tasty.
348	http://images1.wikia.nocookie.net/__cb20100109080224/monsterhunter/images/thumb/e/e0/Ticket-White.png/19px-Ticket-White.png	Paw Pass Ticket	4			Deliver to end the Quest. Maybe the Felynes will take you home...
349	http://images1.wikia.nocookie.net/__cb20100109072659/monsterhunter/images/thumb/2/22/MealTicket-White.png/19px-MealTicket-White.png	Map	1			A map of the hunting ground.
350	http://images3.wikia.nocookie.net/__cb20100113212812/monsterhunter/images/thumb/5/5b/Torch-Icon.png/19px-Torch-Icon.png	Torch	1			Use this to light up dark places and stave off certain monsters.
351	http://images2.wikia.nocookie.net/__cb20091227161524/monsterhunter/images/thumb/e/e6/Liquid-Green.png/17px-Liquid-Green.png	First-aid Med	1			Restores a tiny bit of Health. It does a body... sort of good!
352	http://images2.wikia.nocookie.net/__cb20100121102152/monsterhunter/images/thumb/5/5a/Meat-Orange.png/18px-Meat-Orange.png	Ration	1			Slightly boosts current/max Stamina. Most hunters agree: it's gross.
353	http://images3.wikia.nocookie.net/__cb20100121070147/monsterhunter/images/thumb/c/cd/BBQspit-icon.png/18px-BBQspit-icon.png	Portable Spit	1			A Guild-provided BBQ Spit useful for novice hunters.
354	http://images1.wikia.nocookie.net/__cb20100121073058/monsterhunter/images/thumb/0/0d/Whetstone-icon.png/18px-Whetstone-icon.png	Mini Whetstone	1			A portable Whetstone you can use to restore Sharpness to weapons.
355	http://images2.wikia.nocookie.net/__cb20100108143254/monsterhunter/images/thumb/4/4d/Sac-Cyan.png/15px-Sac-Cyan.png	Mini Oxy Supply	1			An Oxygen Supply provided by the Guild. Truly a breath of fresh air!
356	http://images2.wikia.nocookie.net/__cb20100121073455/monsterhunter/images/thumb/e/e7/Trap1-icon.png/18px-Trap1-icon.png	EZ Shock Trap	4			Immobilizes a target for easy capture.
357	http://images3.wikia.nocookie.net/__cb20100121072134/monsterhunter/images/thumb/9/9e/Bomb-Yellow.png/18px-Bomb-Yellow.png	EZ Flash Bomb	2			A grenade-like bomb that flashes brightly on impact.
358	http://images4.wikia.nocookie.net/__cb20100121091516/monsterhunter/images/thumb/3/34/BarrelBmb-Bounce.png/18px-BarrelBmb-Bounce.png	EZ Barrel Bomb L	3			A powered-up Barrel Bomb L (as potent as a B. Bomb L+). OK underwater.
359	http://images2.wikia.nocookie.net/__cb20100611140307/monsterhunter/images/thumb/7/75/ItemIcon056.png/18px-ItemIcon056.png	Throwing Knife	1			A standard throwing knife. Flies straight and true.
360	http://images1.wikia.nocookie.net/__cb20100611140334/monsterhunter/images/thumb/3/3e/ItemIcon056c.png/18px-ItemIcon056c.png	Paralysis Knife	1			A throwing knife coated with toxins that paralyze a target.
361	http://images3.wikia.nocookie.net/__cb20100611140343/monsterhunter/images/thumb/a/a7/ItemIcon056d.png/18px-ItemIcon056d.png	Poison Knife	1			A throwing knife with a venom-coated blade. Poisons targets.
362	http://images1.wikia.nocookie.net/__cb20100611140324/monsterhunter/images/thumb/e/e7/ItemIcon056b.png/18px-ItemIcon056b.png	Sleep Knife	1			A throwing knife whose blade has been dusted with sleeping agents.
363	http://images4.wikia.nocookie.net/__cb20100611140315/monsterhunter/images/thumb/3/36/ItemIcon056a.png/18px-ItemIcon056a.png	Tranq Knife	4			A throwing knife used for capturing monsters ensnared in traps.
364	http://images3.wikia.nocookie.net/__cb20100328192956/monsterhunter/images/thumb/1/19/MH3icon-Ammo-Grey.png/18px-MH3icon-Ammo-Grey.png	Ballista Ammo	6			Ammunition for a large mounted Bowgun.
365	http://images3.wikia.nocookie.net/__cb20100328192956/monsterhunter/images/thumb/1/19/MH3icon-Ammo-Grey.png/18px-MH3icon-Ammo-Grey.png	Cannon Ammo	6			Special ammunition for an anti-dragon cannon. Not fun to lug around.
366	http://images3.wikia.nocookie.net/__cb20100121091503/monsterhunter/images/thumb/d/d7/BarrelBmb-Sm.png/18px-BarrelBmb-Sm.png	Anti-dragon Bomb	6			A small time bomb that sticks to targets.
367	http://images1.wikia.nocookie.net/__cb20091111031739/monsterhunter/images/thumb/3/3e/MH3icon-Ammo-Yellow.png/18px-MH3icon-Ammo-Yellow.png	Ballista Binder	6			Ammunition for a large mounted Bowgun. Keep giants from moving!
